,HARPNUM,T_REC,NOAA_ARS
0,36,2010.05.31_00:00:00_TAI,MISSING
1,36,2010.05.31_00:12:00_TAI,MISSING
2,36,2010.05.31_00:24:00_TAI,MISSING
3,36,2010.05.31_00:36:00_TAI,MISSING
4,36,2010.05.31_00:48:00_TAI,MISSING
5,36,2010.05.31_01:00:00_TAI,MISSING
6,36,2010.05.31_01:12:00_TAI,MISSING
7,36,2010.05.31_01:24:00_TAI,MISSING
8,36,2010.05.31_01:36:00_TAI,MISSING
9,36,2010.05.31_01:48:00_TAI,MISSING
10,36,2010.05.31_02:00:00_TAI,MISSING
11,36,2010.05.31_02:12:00_TAI,MISSING
12,36,2010.05.31_02:24:00_TAI,MISSING
13,36,2010.05.31_02:36:00_TAI,MISSING
14,36,2010.05.31_02:48:00_TAI,MISSING
15,36,2010.05.31_03:00:00_TAI,MISSING
16,36,2010.05.31_03:12:00_TAI,MISSING
17,36,2010.05.31_03:24:00_TAI,MISSING
18,36,2010.05.31_03:36:00_TAI,MISSING
19,36,2010.05.31_03:48:00_TAI,MISSING
20,36,2010.05.31_04:00:00_TAI,MISSING
21,36,2010.05.31_04:12:00_TAI,MISSING
22,36,2010.05.31_04:24:00_TAI,MISSING
23,36,2010.05.31_04:36:00_TAI,MISSING
24,36,2010.05.31_04:48:00_TAI,MISSING
25,36,2010.05.31_05:00:00_TAI,MISSING
26,36,2010.05.31_05:12:00_TAI,MISSING
27,36,2010.05.31_05:24:00_TAI,MISSING
28,36,2010.05.31_05:36:00_TAI,MISSING
29,36,2010.05.31_05:48:00_TAI,MISSING
30,36,2010.05.31_06:00:00_TAI,MISSING
31,36,2010.05.31_06:12:00_TAI,MISSING
32,36,2010.05.31_06:24:00_TAI,MISSING
33,36,2010.05.31_06:36:00_TAI,MISSING
34,36,2010.05.31_07:00:00_TAI,MISSING
35,36,2010.05.31_07:12:00_TAI,MISSING
36,36,2010.05.31_07:24:00_TAI,MISSING
37,36,2010.05.31_07:36:00_TAI,MISSING
38,36,2010.05.31_08:00:00_TAI,MISSING
39,36,2010.05.31_08:48:00_TAI,MISSING
40,36,2010.05.31_09:48:00_TAI,MISSING
41,36,2010.05.31_11:00:00_TAI,MISSING
42,36,2010.05.31_11:12:00_TAI,MISSING
43,36,2010.05.31_11:36:00_TAI,MISSING
44,36,2010.05.31_11:48:00_TAI,MISSING
45,36,2010.05.31_12:12:00_TAI,MISSING
46,36,2010.05.31_12:24:00_TAI,MISSING
47,36,2010.05.31_12:36:00_TAI,MISSING
48,36,2010.05.31_12:48:00_TAI,MISSING
49,36,2010.05.31_13:00:00_TAI,MISSING
50,36,2010.05.31_13:12:00_TAI,MISSING
51,36,2010.05.31_13:24:00_TAI,MISSING
52,36,2010.05.31_13:36:00_TAI,MISSING
53,36,2010.05.31_13:48:00_TAI,MISSING
54,36,2010.05.31_14:00:00_TAI,MISSING
55,36,2010.05.31_14:12:00_TAI,MISSING
56,36,2010.05.31_14:24:00_TAI,MISSING
57,36,2010.05.31_14:36:00_TAI,MISSING
58,36,2010.05.31_14:48:00_TAI,MISSING
59,36,2010.05.31_15:00:00_TAI,MISSING
60,36,2010.05.31_15:12:00_TAI,MISSING
61,36,2010.05.31_15:24:00_TAI,MISSING
62,36,2010.05.31_15:36:00_TAI,MISSING
63,36,2010.05.31_15:48:00_TAI,MISSING
64,36,2010.05.31_16:00:00_TAI,MISSING
65,36,2010.05.31_16:12:00_TAI,MISSING
66,36,2010.05.31_16:24:00_TAI,MISSING
67,36,2010.05.31_16:36:00_TAI,MISSING
68,36,2010.05.31_16:48:00_TAI,MISSING
69,36,2010.05.31_17:00:00_TAI,MISSING
70,36,2010.05.31_17:12:00_TAI,MISSING
71,36,2010.05.31_17:24:00_TAI,MISSING
72,36,2010.05.31_17:36:00_TAI,MISSING
73,36,2010.05.31_17:48:00_TAI,MISSING
74,36,2010.05.31_18:00:00_TAI,MISSING
75,36,2010.05.31_18:12:00_TAI,MISSING
76,36,2010.05.31_18:24:00_TAI,MISSING
77,36,2010.05.31_18:36:00_TAI,MISSING
78,36,2010.05.31_18:48:00_TAI,MISSING
79,36,2010.05.31_19:00:00_TAI,MISSING
80,36,2010.05.31_19:12:00_TAI,MISSING
81,36,2010.05.31_19:24:00_TAI,MISSING
82,36,2010.05.31_19:36:00_TAI,MISSING
83,36,2010.05.31_19:48:00_TAI,MISSING
84,36,2010.05.31_20:00:00_TAI,MISSING
85,36,2010.05.31_20:12:00_TAI,MISSING
86,36,2010.05.31_20:24:00_TAI,MISSING
87,36,2010.05.31_20:36:00_TAI,MISSING
88,36,2010.05.31_20:48:00_TAI,MISSING
89,36,2010.05.31_21:00:00_TAI,MISSING
90,36,2010.05.31_21:12:00_TAI,MISSING
91,36,2010.05.31_21:24:00_TAI,MISSING
92,36,2010.05.31_21:36:00_TAI,MISSING
93,36,2010.05.31_21:48:00_TAI,MISSING
94,36,2010.05.31_22:00:00_TAI,MISSING
95,36,2010.05.31_22:12:00_TAI,MISSING
96,36,2010.05.31_22:24:00_TAI,MISSING
97,36,2010.05.31_22:36:00_TAI,MISSING
98,36,2010.05.31_22:48:00_TAI,MISSING
99,36,2010.05.31_23:00:00_TAI,MISSING
100,36,2010.05.31_23:12:00_TAI,MISSING
101,36,2010.05.31_23:24:00_TAI,MISSING
102,36,2010.05.31_23:36:00_TAI,MISSING
103,36,2010.05.31_23:48:00_TAI,MISSING
104,36,2010.06.01_00:00:00_TAI,MISSING
105,36,2010.06.01_00:12:00_TAI,MISSING
106,36,2010.06.01_00:24:00_TAI,MISSING
107,36,2010.06.01_00:36:00_TAI,MISSING
108,36,2010.06.01_00:48:00_TAI,MISSING
109,36,2010.06.01_01:00:00_TAI,MISSING
110,36,2010.06.01_01:12:00_TAI,MISSING
111,36,2010.06.01_01:24:00_TAI,MISSING
112,36,2010.06.01_01:36:00_TAI,MISSING
113,36,2010.06.01_01:48:00_TAI,MISSING
114,36,2010.06.01_02:00:00_TAI,MISSING
115,36,2010.06.01_02:12:00_TAI,MISSING
116,36,2010.06.01_02:24:00_TAI,MISSING
117,36,2010.06.01_02:36:00_TAI,MISSING
118,36,2010.06.01_03:00:00_TAI,MISSING
119,36,2010.06.01_03:12:00_TAI,MISSING
120,36,2010.06.01_03:24:00_TAI,MISSING
121,36,2010.06.01_03:36:00_TAI,MISSING
122,36,2010.06.01_03:48:00_TAI,MISSING
123,36,2010.06.01_04:00:00_TAI,MISSING
124,36,2010.06.01_04:12:00_TAI,MISSING
125,36,2010.06.01_04:24:00_TAI,MISSING
126,36,2010.06.01_04:36:00_TAI,MISSING
127,36,2010.06.01_05:00:00_TAI,MISSING
128,36,2010.06.01_05:12:00_TAI,MISSING
129,36,2010.06.01_05:24:00_TAI,MISSING
130,36,2010.06.01_05:36:00_TAI,MISSING
131,36,2010.06.01_05:48:00_TAI,MISSING
132,36,2010.06.01_06:00:00_TAI,MISSING
133,36,2010.06.01_06:24:00_TAI,MISSING
134,36,2010.06.01_06:36:00_TAI,MISSING
135,36,2010.06.01_06:48:00_TAI,MISSING
136,36,2010.06.01_09:48:00_TAI,MISSING
137,36,2010.06.01_10:12:00_TAI,MISSING
138,37,2010.05.31_03:48:00_TAI,MISSING
139,37,2010.05.31_04:00:00_TAI,MISSING
140,37,2010.05.31_04:12:00_TAI,MISSING
141,37,2010.05.31_04:24:00_TAI,MISSING
142,37,2010.05.31_04:36:00_TAI,MISSING
143,37,2010.05.31_04:48:00_TAI,MISSING
144,37,2010.05.31_05:00:00_TAI,MISSING
145,37,2010.05.31_05:12:00_TAI,MISSING
146,37,2010.05.31_05:24:00_TAI,MISSING
147,37,2010.05.31_05:36:00_TAI,MISSING
148,37,2010.05.31_05:48:00_TAI,MISSING
149,37,2010.05.31_06:00:00_TAI,MISSING
150,37,2010.05.31_06:12:00_TAI,MISSING
151,37,2010.05.31_06:24:00_TAI,MISSING
152,37,2010.05.31_06:36:00_TAI,MISSING
153,37,2010.05.31_06:48:00_TAI,MISSING
154,37,2010.05.31_07:00:00_TAI,MISSING
155,37,2010.05.31_07:12:00_TAI,MISSING
156,37,2010.05.31_07:24:00_TAI,MISSING
157,37,2010.05.31_07:36:00_TAI,MISSING
158,37,2010.05.31_07:48:00_TAI,MISSING
159,37,2010.05.31_08:00:00_TAI,MISSING
160,37,2010.05.31_08:12:00_TAI,MISSING
161,37,2010.05.31_08:24:00_TAI,MISSING
162,37,2010.05.31_08:36:00_TAI,MISSING
163,37,2010.05.31_08:48:00_TAI,MISSING
164,37,2010.05.31_09:00:00_TAI,MISSING
165,37,2010.05.31_09:12:00_TAI,MISSING
166,37,2010.05.31_09:24:00_TAI,MISSING
167,37,2010.05.31_09:36:00_TAI,MISSING
168,37,2010.05.31_09:48:00_TAI,MISSING
169,37,2010.05.31_10:00:00_TAI,MISSING
170,37,2010.05.31_10:12:00_TAI,MISSING
171,37,2010.05.31_10:24:00_TAI,MISSING
172,37,2010.05.31_10:36:00_TAI,MISSING
173,37,2010.05.31_10:48:00_TAI,MISSING
174,37,2010.05.31_11:00:00_TAI,MISSING
175,37,2010.05.31_11:12:00_TAI,MISSING
176,37,2010.05.31_11:24:00_TAI,MISSING
177,37,2010.05.31_11:48:00_TAI,MISSING
178,37,2010.05.31_12:00:00_TAI,MISSING
179,37,2010.05.31_12:12:00_TAI,MISSING
180,37,2010.05.31_12:24:00_TAI,MISSING
181,37,2010.05.31_12:36:00_TAI,MISSING
182,37,2010.05.31_12:48:00_TAI,MISSING
183,37,2010.05.31_13:00:00_TAI,MISSING
184,37,2010.05.31_13:12:00_TAI,MISSING
185,37,2010.05.31_13:24:00_TAI,MISSING
186,37,2010.05.31_13:36:00_TAI,MISSING
187,37,2010.05.31_13:48:00_TAI,MISSING
188,37,2010.05.31_14:00:00_TAI,MISSING
189,37,2010.05.31_14:12:00_TAI,MISSING
190,37,2010.05.31_14:24:00_TAI,MISSING
191,37,2010.05.31_14:36:00_TAI,MISSING
192,37,2010.05.31_14:48:00_TAI,MISSING
193,37,2010.05.31_15:00:00_TAI,MISSING
194,38,2010.05.31_00:00:00_TAI,11073
195,38,2010.05.31_00:12:00_TAI,11073
196,38,2010.05.31_00:24:00_TAI,11073
197,38,2010.05.31_00:36:00_TAI,11073
198,38,2010.05.31_00:48:00_TAI,11073
199,38,2010.05.31_01:00:00_TAI,11073
200,38,2010.05.31_01:12:00_TAI,11073
201,38,2010.05.31_01:24:00_TAI,11073
202,38,2010.05.31_01:36:00_TAI,11073
203,38,2010.05.31_01:48:00_TAI,11073
204,38,2010.05.31_02:00:00_TAI,11073
205,38,2010.05.31_02:12:00_TAI,11073
206,38,2010.05.31_02:24:00_TAI,11073
207,38,2010.05.31_02:36:00_TAI,11073
208,38,2010.05.31_02:48:00_TAI,11073
209,38,2010.05.31_03:00:00_TAI,11073
210,38,2010.05.31_03:12:00_TAI,11073
211,38,2010.05.31_03:24:00_TAI,11073
212,38,2010.05.31_03:36:00_TAI,11073
213,38,2010.05.31_03:48:00_TAI,11073
214,38,2010.05.31_04:00:00_TAI,11073
215,38,2010.05.31_04:12:00_TAI,11073
216,38,2010.05.31_04:24:00_TAI,11073
217,38,2010.05.31_04:36:00_TAI,11073
218,38,2010.05.31_04:48:00_TAI,11073
219,38,2010.05.31_05:00:00_TAI,11073
220,38,2010.05.31_05:12:00_TAI,11073
221,38,2010.05.31_05:24:00_TAI,11073
222,38,2010.05.31_05:36:00_TAI,11073
223,38,2010.05.31_05:48:00_TAI,11073
224,38,2010.05.31_06:00:00_TAI,11073
225,38,2010.05.31_06:12:00_TAI,11073
226,38,2010.05.31_06:24:00_TAI,11073
227,38,2010.05.31_06:36:00_TAI,11073
228,38,2010.05.31_06:48:00_TAI,11073
229,38,2010.05.31_07:00:00_TAI,11073
230,38,2010.05.31_07:12:00_TAI,11073
231,38,2010.05.31_07:24:00_TAI,11073
232,38,2010.05.31_07:36:00_TAI,11073
233,38,2010.05.31_07:48:00_TAI,11073
234,38,2010.05.31_08:00:00_TAI,11073
235,38,2010.05.31_08:12:00_TAI,11073
236,38,2010.05.31_08:24:00_TAI,11073
237,38,2010.05.31_08:36:00_TAI,11073
238,38,2010.05.31_08:48:00_TAI,11073
239,38,2010.05.31_09:00:00_TAI,11073
240,38,2010.05.31_09:12:00_TAI,11073
241,38,2010.05.31_09:24:00_TAI,11073
242,38,2010.05.31_09:36:00_TAI,11073
243,38,2010.05.31_09:48:00_TAI,11073
244,38,2010.05.31_10:00:00_TAI,11073
245,38,2010.05.31_10:12:00_TAI,11073
246,38,2010.05.31_10:24:00_TAI,11073
247,38,2010.05.31_10:36:00_TAI,11073
248,38,2010.05.31_10:48:00_TAI,11073
249,38,2010.05.31_11:00:00_TAI,11073
250,38,2010.05.31_11:12:00_TAI,11073
251,38,2010.05.31_11:24:00_TAI,11073
252,38,2010.05.31_11:36:00_TAI,11073
253,38,2010.05.31_11:48:00_TAI,11073
254,38,2010.05.31_12:00:00_TAI,11073
255,38,2010.05.31_12:12:00_TAI,11073
256,38,2010.05.31_12:24:00_TAI,11073
257,38,2010.05.31_12:36:00_TAI,11073
258,38,2010.05.31_12:48:00_TAI,11073
259,38,2010.05.31_13:00:00_TAI,11073
260,38,2010.05.31_13:12:00_TAI,11073
261,38,2010.05.31_13:24:00_TAI,11073
262,38,2010.05.31_13:36:00_TAI,11073
263,38,2010.05.31_13:48:00_TAI,11073
264,38,2010.05.31_14:00:00_TAI,11073
265,38,2010.05.31_14:12:00_TAI,11073
266,38,2010.05.31_14:24:00_TAI,11073
267,38,2010.05.31_14:36:00_TAI,11073
268,38,2010.05.31_14:48:00_TAI,11073
269,38,2010.05.31_15:00:00_TAI,11073
270,38,2010.05.31_15:12:00_TAI,11073
271,38,2010.05.31_15:24:00_TAI,11073
272,38,2010.05.31_15:36:00_TAI,11073
273,38,2010.05.31_15:48:00_TAI,11073
274,38,2010.05.31_16:00:00_TAI,11073
275,38,2010.05.31_16:12:00_TAI,11073
276,38,2010.05.31_16:24:00_TAI,11073
277,38,2010.05.31_16:36:00_TAI,11073
278,38,2010.05.31_16:48:00_TAI,11073
279,38,2010.05.31_17:00:00_TAI,11073
280,38,2010.05.31_17:12:00_TAI,11073
281,38,2010.05.31_17:24:00_TAI,11073
282,38,2010.05.31_17:36:00_TAI,11073
283,38,2010.05.31_17:48:00_TAI,11073
284,38,2010.05.31_18:00:00_TAI,11073
285,38,2010.05.31_18:12:00_TAI,11073
286,38,2010.05.31_18:24:00_TAI,11073
287,38,2010.05.31_18:36:00_TAI,11073
288,38,2010.05.31_18:48:00_TAI,11073
289,38,2010.05.31_19:00:00_TAI,11073
290,38,2010.05.31_19:12:00_TAI,11073
291,38,2010.05.31_19:24:00_TAI,11073
292,38,2010.05.31_19:36:00_TAI,11073
293,38,2010.05.31_19:48:00_TAI,11073
294,38,2010.05.31_20:00:00_TAI,11073
295,38,2010.05.31_20:12:00_TAI,11073
296,38,2010.05.31_20:24:00_TAI,11073
297,38,2010.05.31_20:36:00_TAI,11073
298,38,2010.05.31_20:48:00_TAI,11073
299,38,2010.05.31_21:00:00_TAI,11073
300,38,2010.05.31_21:12:00_TAI,11073
301,38,2010.05.31_21:24:00_TAI,11073
302,38,2010.05.31_21:36:00_TAI,11073
303,38,2010.05.31_21:48:00_TAI,11073
304,38,2010.05.31_22:00:00_TAI,11073
305,38,2010.05.31_22:12:00_TAI,11073
306,38,2010.05.31_22:24:00_TAI,11073
307,38,2010.05.31_22:36:00_TAI,11073
308,38,2010.05.31_22:48:00_TAI,11073
309,38,2010.05.31_23:00:00_TAI,11073
310,38,2010.05.31_23:12:00_TAI,11073
311,38,2010.05.31_23:24:00_TAI,11073
312,38,2010.05.31_23:36:00_TAI,11073
313,38,2010.05.31_23:48:00_TAI,11073
314,38,2010.06.01_00:00:00_TAI,11073
315,38,2010.06.01_00:12:00_TAI,11073
316,38,2010.06.01_00:24:00_TAI,11073
317,38,2010.06.01_00:36:00_TAI,11073
318,38,2010.06.01_00:48:00_TAI,11073
319,38,2010.06.01_01:00:00_TAI,11073
320,38,2010.06.01_01:12:00_TAI,11073
321,38,2010.06.01_01:24:00_TAI,11073
322,38,2010.06.01_01:36:00_TAI,11073
323,38,2010.06.01_01:48:00_TAI,11073
324,38,2010.06.01_02:00:00_TAI,11073
325,38,2010.06.01_02:12:00_TAI,11073
326,38,2010.06.01_02:24:00_TAI,11073
327,38,2010.06.01_02:36:00_TAI,11073
328,38,2010.06.01_02:48:00_TAI,11073
329,38,2010.06.01_03:00:00_TAI,11073
330,38,2010.06.01_03:12:00_TAI,11073
331,38,2010.06.01_03:24:00_TAI,11073
332,38,2010.06.01_03:36:00_TAI,11073
333,38,2010.06.01_03:48:00_TAI,11073
334,38,2010.06.01_04:00:00_TAI,11073
335,38,2010.06.01_04:12:00_TAI,11073
336,38,2010.06.01_04:24:00_TAI,11073
337,38,2010.06.01_04:36:00_TAI,11073
338,38,2010.06.01_04:48:00_TAI,11073
339,38,2010.06.01_05:00:00_TAI,11073
340,38,2010.06.01_05:12:00_TAI,11073
341,38,2010.06.01_05:24:00_TAI,11073
342,38,2010.06.01_05:36:00_TAI,11073
343,38,2010.06.01_05:48:00_TAI,11073
344,38,2010.06.01_06:00:00_TAI,11073
345,38,2010.06.01_06:12:00_TAI,11073
346,38,2010.06.01_06:24:00_TAI,11073
347,38,2010.06.01_06:36:00_TAI,11073
348,38,2010.06.01_06:48:00_TAI,11073
349,38,2010.06.01_07:00:00_TAI,11073
350,38,2010.06.01_07:12:00_TAI,11073
351,38,2010.06.01_07:24:00_TAI,11073
352,38,2010.06.01_07:36:00_TAI,11073
353,38,2010.06.01_07:48:00_TAI,11073
354,38,2010.06.01_08:00:00_TAI,11073
355,38,2010.06.01_08:12:00_TAI,11073
356,38,2010.06.01_08:24:00_TAI,11073
357,38,2010.06.01_08:36:00_TAI,11073
358,38,2010.06.01_08:48:00_TAI,11073
359,38,2010.06.01_09:00:00_TAI,11073
360,38,2010.06.01_09:12:00_TAI,11073
361,38,2010.06.01_09:24:00_TAI,11073
362,38,2010.06.01_09:36:00_TAI,11073
363,38,2010.06.01_09:48:00_TAI,11073
364,38,2010.06.01_10:00:00_TAI,11073
365,38,2010.06.01_10:12:00_TAI,11073
366,38,2010.06.01_10:24:00_TAI,11073
367,38,2010.06.01_10:36:00_TAI,11073
368,38,2010.06.01_10:48:00_TAI,11073
369,38,2010.06.01_11:00:00_TAI,11073
370,38,2010.06.01_11:12:00_TAI,11073
371,38,2010.06.01_11:24:00_TAI,11073
372,38,2010.06.01_11:36:00_TAI,11073
373,38,2010.06.01_11:48:00_TAI,11073
374,38,2010.06.01_12:00:00_TAI,11073
375,38,2010.06.01_12:12:00_TAI,11073
376,38,2010.06.01_12:24:00_TAI,11073
377,38,2010.06.01_12:36:00_TAI,11073
378,38,2010.06.01_12:48:00_TAI,11073
379,38,2010.06.01_13:00:00_TAI,11073
380,38,2010.06.01_13:12:00_TAI,11073
381,38,2010.06.01_13:24:00_TAI,11073
382,38,2010.06.01_13:36:00_TAI,11073
383,38,2010.06.01_13:48:00_TAI,11073
384,38,2010.06.01_14:00:00_TAI,11073
385,38,2010.06.01_14:12:00_TAI,11073
386,38,2010.06.01_14:24:00_TAI,11073
387,38,2010.06.01_14:36:00_TAI,11073
388,38,2010.06.01_14:48:00_TAI,11073
389,38,2010.06.01_15:00:00_TAI,11073
390,38,2010.06.01_15:12:00_TAI,11073
391,38,2010.06.01_15:24:00_TAI,11073
392,38,2010.06.01_15:36:00_TAI,11073
393,38,2010.06.01_15:48:00_TAI,11073
394,38,2010.06.01_16:00:00_TAI,11073
395,38,2010.06.01_16:12:00_TAI,11073
396,38,2010.06.01_16:24:00_TAI,11073
397,38,2010.06.01_16:36:00_TAI,11073
398,38,2010.06.01_16:48:00_TAI,11073
399,38,2010.06.01_17:00:00_TAI,11073
400,38,2010.06.01_17:12:00_TAI,11073
401,38,2010.06.01_17:24:00_TAI,11073
402,38,2010.06.01_17:36:00_TAI,11073
403,38,2010.06.01_17:48:00_TAI,11073
404,38,2010.06.01_18:00:00_TAI,11073
405,38,2010.06.01_18:12:00_TAI,11073
406,38,2010.06.01_18:24:00_TAI,11073
407,38,2010.06.01_18:36:00_TAI,11073
408,38,2010.06.01_18:48:00_TAI,11073
409,38,2010.06.01_19:00:00_TAI,11073
410,38,2010.06.01_19:12:00_TAI,11073
411,38,2010.06.01_19:24:00_TAI,11073
412,38,2010.06.01_19:36:00_TAI,11073
413,38,2010.06.01_19:48:00_TAI,11073
414,38,2010.06.01_20:00:00_TAI,11073
415,38,2010.06.01_20:12:00_TAI,11073
416,38,2010.06.01_20:24:00_TAI,11073
417,38,2010.06.01_20:36:00_TAI,11073
418,38,2010.06.01_20:48:00_TAI,11073
419,38,2010.06.01_21:00:00_TAI,11073
420,38,2010.06.01_21:12:00_TAI,11073
421,38,2010.06.01_21:24:00_TAI,11073
422,38,2010.06.01_21:36:00_TAI,11073
423,38,2010.06.01_21:48:00_TAI,11073
424,38,2010.06.01_22:00:00_TAI,11073
425,38,2010.06.01_22:12:00_TAI,11073
426,38,2010.06.01_22:24:00_TAI,11073
427,38,2010.06.01_22:36:00_TAI,11073
428,38,2010.06.01_22:48:00_TAI,11073
429,38,2010.06.01_23:00:00_TAI,11073
430,38,2010.06.01_23:12:00_TAI,11073
431,38,2010.06.01_23:24:00_TAI,11073
432,38,2010.06.01_23:36:00_TAI,11073
433,38,2010.06.01_23:48:00_TAI,11073
434,38,2010.06.02_00:00:00_TAI,11073
435,38,2010.06.02_00:12:00_TAI,11073
436,38,2010.06.02_00:24:00_TAI,11073
437,38,2010.06.02_00:36:00_TAI,11073
438,38,2010.06.02_00:48:00_TAI,11073
439,38,2010.06.02_01:00:00_TAI,11073
440,38,2010.06.02_01:12:00_TAI,11073
441,38,2010.06.02_01:24:00_TAI,11073
442,38,2010.06.02_01:36:00_TAI,11073
443,38,2010.06.02_01:48:00_TAI,11073
444,38,2010.06.02_02:00:00_TAI,11073
445,38,2010.06.02_02:12:00_TAI,11073
446,38,2010.06.02_02:24:00_TAI,11073
447,38,2010.06.02_02:36:00_TAI,11073
448,38,2010.06.02_02:48:00_TAI,11073
449,38,2010.06.02_03:00:00_TAI,11073
450,38,2010.06.02_03:12:00_TAI,11073
451,38,2010.06.02_03:24:00_TAI,11073
452,38,2010.06.02_03:36:00_TAI,11073
453,38,2010.06.02_03:48:00_TAI,11073
454,38,2010.06.02_04:00:00_TAI,11073
455,38,2010.06.02_04:12:00_TAI,11073
456,38,2010.06.02_04:24:00_TAI,11073
457,38,2010.06.02_04:36:00_TAI,11073
458,38,2010.06.02_04:48:00_TAI,11073
459,38,2010.06.02_05:00:00_TAI,11073
460,38,2010.06.02_05:12:00_TAI,11073
461,38,2010.06.02_05:24:00_TAI,11073
462,38,2010.06.02_05:36:00_TAI,11073
463,38,2010.06.02_05:48:00_TAI,11073
464,38,2010.06.02_06:00:00_TAI,11073
465,38,2010.06.02_06:12:00_TAI,11073
466,38,2010.06.02_06:24:00_TAI,11073
467,38,2010.06.02_06:36:00_TAI,11073
468,38,2010.06.02_06:48:00_TAI,11073
469,38,2010.06.02_07:00:00_TAI,11073
470,38,2010.06.02_07:12:00_TAI,11073
471,38,2010.06.02_07:24:00_TAI,11073
472,38,2010.06.02_07:36:00_TAI,11073
473,38,2010.06.02_07:48:00_TAI,11073
474,38,2010.06.02_08:00:00_TAI,11073
475,38,2010.06.02_08:12:00_TAI,11073
476,38,2010.06.02_08:24:00_TAI,11073
477,38,2010.06.02_08:36:00_TAI,11073
478,38,2010.06.02_08:48:00_TAI,11073
479,38,2010.06.02_09:00:00_TAI,11073
480,38,2010.06.02_09:12:00_TAI,11073
481,38,2010.06.02_09:24:00_TAI,11073
482,38,2010.06.02_09:36:00_TAI,11073
483,38,2010.06.02_09:48:00_TAI,11073
484,38,2010.06.02_10:00:00_TAI,11073
485,38,2010.06.02_10:12:00_TAI,11073
486,38,2010.06.02_10:24:00_TAI,11073
487,38,2010.06.02_10:36:00_TAI,11073
488,38,2010.06.02_10:48:00_TAI,11073
489,38,2010.06.02_11:00:00_TAI,11073
490,38,2010.06.02_11:12:00_TAI,11073
491,38,2010.06.02_11:24:00_TAI,11073
492,38,2010.06.02_11:36:00_TAI,11073
493,38,2010.06.02_11:48:00_TAI,11073
494,38,2010.06.02_12:00:00_TAI,11073
495,38,2010.06.02_12:12:00_TAI,11073
496,38,2010.06.02_12:24:00_TAI,11073
497,38,2010.06.02_12:36:00_TAI,11073
498,38,2010.06.02_12:48:00_TAI,11073
499,38,2010.06.02_13:00:00_TAI,11073
500,38,2010.06.02_13:12:00_TAI,11073
501,38,2010.06.02_13:24:00_TAI,11073
502,38,2010.06.02_13:36:00_TAI,11073
503,38,2010.06.02_13:48:00_TAI,11073
504,38,2010.06.02_14:00:00_TAI,11073
505,38,2010.06.02_14:12:00_TAI,11073
506,38,2010.06.02_14:24:00_TAI,11073
507,38,2010.06.02_14:36:00_TAI,11073
508,38,2010.06.02_14:48:00_TAI,11073
509,38,2010.06.02_15:00:00_TAI,11073
510,38,2010.06.02_15:12:00_TAI,11073
511,38,2010.06.02_15:24:00_TAI,11073
512,38,2010.06.02_15:36:00_TAI,11073
513,38,2010.06.02_15:48:00_TAI,11073
514,38,2010.06.02_16:00:00_TAI,11073
515,38,2010.06.02_16:12:00_TAI,11073
516,38,2010.06.02_16:24:00_TAI,11073
517,38,2010.06.02_16:36:00_TAI,11073
518,38,2010.06.02_16:48:00_TAI,11073
519,38,2010.06.02_17:00:00_TAI,11073
520,38,2010.06.02_17:12:00_TAI,11073
521,38,2010.06.02_17:24:00_TAI,11073
522,38,2010.06.02_17:36:00_TAI,11073
523,38,2010.06.02_17:48:00_TAI,11073
524,38,2010.06.02_18:00:00_TAI,11073
525,38,2010.06.02_18:12:00_TAI,11073
526,38,2010.06.02_18:24:00_TAI,11073
527,38,2010.06.02_18:36:00_TAI,11073
528,38,2010.06.02_18:48:00_TAI,11073
529,38,2010.06.02_19:00:00_TAI,11073
530,38,2010.06.02_19:12:00_TAI,11073
531,38,2010.06.02_19:24:00_TAI,11073
532,38,2010.06.02_19:36:00_TAI,11073
533,38,2010.06.02_19:48:00_TAI,11073
534,38,2010.06.02_20:00:00_TAI,11073
535,38,2010.06.02_20:12:00_TAI,11073
536,38,2010.06.02_20:24:00_TAI,11073
537,38,2010.06.02_20:36:00_TAI,11073
538,38,2010.06.02_20:48:00_TAI,11073
539,38,2010.06.02_21:00:00_TAI,11073
540,38,2010.06.02_21:12:00_TAI,11073
541,38,2010.06.02_21:24:00_TAI,11073
542,38,2010.06.02_21:36:00_TAI,11073
543,38,2010.06.02_21:48:00_TAI,11073
544,38,2010.06.02_22:00:00_TAI,11073
545,38,2010.06.02_22:12:00_TAI,11073
546,38,2010.06.02_22:24:00_TAI,11073
547,38,2010.06.02_22:36:00_TAI,11073
548,38,2010.06.02_22:48:00_TAI,11073
549,38,2010.06.02_23:00:00_TAI,11073
550,38,2010.06.02_23:12:00_TAI,11073
551,38,2010.06.02_23:24:00_TAI,11073
552,38,2010.06.02_23:36:00_TAI,11073
553,38,2010.06.02_23:48:00_TAI,11073
554,38,2010.06.03_00:00:00_TAI,11073
555,40,2010.05.31_00:00:00_TAI,11075
556,40,2010.05.31_00:12:00_TAI,11075
557,40,2010.05.31_00:24:00_TAI,11075
558,40,2010.05.31_00:36:00_TAI,11075
559,40,2010.05.31_00:48:00_TAI,11075
560,40,2010.05.31_01:00:00_TAI,11075
561,40,2010.05.31_01:12:00_TAI,11075
562,40,2010.05.31_01:24:00_TAI,11075
563,40,2010.05.31_01:36:00_TAI,11075
564,40,2010.05.31_01:48:00_TAI,11075
565,40,2010.05.31_02:00:00_TAI,11075
566,40,2010.05.31_02:12:00_TAI,11075
567,40,2010.05.31_02:24:00_TAI,11075
568,40,2010.05.31_02:36:00_TAI,11075
569,40,2010.05.31_02:48:00_TAI,11075
570,40,2010.05.31_03:00:00_TAI,11075
571,40,2010.05.31_03:12:00_TAI,11075
572,40,2010.05.31_03:24:00_TAI,11075
573,40,2010.05.31_03:36:00_TAI,11075
574,40,2010.05.31_03:48:00_TAI,11075
575,40,2010.05.31_04:00:00_TAI,11075
576,40,2010.05.31_04:12:00_TAI,11075
577,40,2010.05.31_04:24:00_TAI,11075
578,40,2010.05.31_04:36:00_TAI,11075
579,40,2010.05.31_04:48:00_TAI,11075
580,40,2010.05.31_05:00:00_TAI,11075
581,40,2010.05.31_05:12:00_TAI,11075
582,40,2010.05.31_05:24:00_TAI,11075
583,40,2010.05.31_05:36:00_TAI,11075
584,40,2010.05.31_05:48:00_TAI,11075
585,40,2010.05.31_06:00:00_TAI,11075
586,40,2010.05.31_06:12:00_TAI,11075
587,40,2010.05.31_06:24:00_TAI,11075
588,40,2010.05.31_06:36:00_TAI,11075
589,40,2010.05.31_06:48:00_TAI,11075
590,40,2010.05.31_07:00:00_TAI,11075
591,40,2010.05.31_07:12:00_TAI,11075
592,40,2010.05.31_07:24:00_TAI,11075
593,40,2010.05.31_07:36:00_TAI,11075
594,40,2010.05.31_07:48:00_TAI,11075
595,40,2010.05.31_08:00:00_TAI,11075
596,40,2010.05.31_08:12:00_TAI,11075
597,40,2010.05.31_08:24:00_TAI,11075
598,40,2010.05.31_08:36:00_TAI,11075
599,40,2010.05.31_08:48:00_TAI,11075
600,40,2010.05.31_09:00:00_TAI,11075
601,40,2010.05.31_09:12:00_TAI,11075
602,40,2010.05.31_09:24:00_TAI,11075
603,40,2010.05.31_09:36:00_TAI,11075
604,40,2010.05.31_09:48:00_TAI,11075
605,40,2010.05.31_10:00:00_TAI,11075
606,40,2010.05.31_10:12:00_TAI,11075
607,40,2010.05.31_10:24:00_TAI,11075
608,40,2010.05.31_10:36:00_TAI,11075
609,40,2010.05.31_10:48:00_TAI,11075
610,40,2010.05.31_11:00:00_TAI,11075
611,40,2010.05.31_11:12:00_TAI,11075
612,40,2010.05.31_11:24:00_TAI,11075
613,40,2010.05.31_11:36:00_TAI,11075
614,40,2010.05.31_11:48:00_TAI,11075
615,40,2010.05.31_12:00:00_TAI,11075
616,40,2010.05.31_12:12:00_TAI,11075
617,40,2010.05.31_12:24:00_TAI,11075
618,40,2010.05.31_12:36:00_TAI,11075
619,40,2010.05.31_12:48:00_TAI,11075
620,40,2010.05.31_13:00:00_TAI,11075
621,40,2010.05.31_13:12:00_TAI,11075
622,40,2010.05.31_13:24:00_TAI,11075
623,40,2010.05.31_13:36:00_TAI,11075
624,40,2010.05.31_13:48:00_TAI,11075
625,40,2010.05.31_14:00:00_TAI,11075
626,40,2010.05.31_14:12:00_TAI,11075
627,40,2010.05.31_14:24:00_TAI,11075
628,40,2010.05.31_14:36:00_TAI,11075
629,40,2010.05.31_14:48:00_TAI,11075
630,40,2010.05.31_15:00:00_TAI,11075
631,40,2010.05.31_15:12:00_TAI,11075
632,40,2010.05.31_15:24:00_TAI,11075
633,40,2010.05.31_15:36:00_TAI,11075
634,40,2010.05.31_15:48:00_TAI,11075
635,40,2010.05.31_16:00:00_TAI,11075
636,40,2010.05.31_16:12:00_TAI,11075
637,40,2010.05.31_16:24:00_TAI,11075
638,40,2010.05.31_16:36:00_TAI,11075
639,40,2010.05.31_16:48:00_TAI,11075
640,40,2010.05.31_17:00:00_TAI,11075
641,40,2010.05.31_17:12:00_TAI,11075
642,40,2010.05.31_17:24:00_TAI,11075
643,40,2010.05.31_17:36:00_TAI,11075
644,40,2010.05.31_17:48:00_TAI,11075
645,40,2010.05.31_18:00:00_TAI,11075
646,40,2010.05.31_18:12:00_TAI,11075
647,40,2010.05.31_18:24:00_TAI,11075
648,40,2010.05.31_18:36:00_TAI,11075
649,40,2010.05.31_18:48:00_TAI,11075
650,40,2010.05.31_19:00:00_TAI,11075
651,40,2010.05.31_19:12:00_TAI,11075
652,40,2010.05.31_19:24:00_TAI,11075
653,40,2010.05.31_19:36:00_TAI,11075
654,40,2010.05.31_19:48:00_TAI,11075
655,40,2010.05.31_20:00:00_TAI,11075
656,40,2010.05.31_20:12:00_TAI,11075
657,40,2010.05.31_20:24:00_TAI,11075
658,40,2010.05.31_20:36:00_TAI,11075
659,40,2010.05.31_20:48:00_TAI,11075
660,40,2010.05.31_21:00:00_TAI,11075
661,40,2010.05.31_21:12:00_TAI,11075
662,40,2010.05.31_21:24:00_TAI,11075
663,40,2010.05.31_21:36:00_TAI,11075
664,40,2010.05.31_21:48:00_TAI,11075
665,40,2010.05.31_22:00:00_TAI,11075
666,40,2010.05.31_22:12:00_TAI,11075
667,40,2010.05.31_22:24:00_TAI,11075
668,40,2010.05.31_22:36:00_TAI,11075
669,40,2010.05.31_22:48:00_TAI,11075
670,40,2010.05.31_23:00:00_TAI,11075
671,40,2010.05.31_23:12:00_TAI,11075
672,40,2010.05.31_23:24:00_TAI,11075
673,40,2010.05.31_23:36:00_TAI,11075
674,40,2010.05.31_23:48:00_TAI,11075
675,40,2010.06.01_00:00:00_TAI,11075
676,40,2010.06.01_00:12:00_TAI,11075
677,40,2010.06.01_00:24:00_TAI,11075
678,40,2010.06.01_00:36:00_TAI,11075
679,40,2010.06.01_00:48:00_TAI,11075
680,40,2010.06.01_01:00:00_TAI,11075
681,40,2010.06.01_01:12:00_TAI,11075
682,40,2010.06.01_01:24:00_TAI,11075
683,40,2010.06.01_01:36:00_TAI,11075
684,40,2010.06.01_01:48:00_TAI,11075
685,40,2010.06.01_02:00:00_TAI,11075
686,40,2010.06.01_02:12:00_TAI,11075
687,40,2010.06.01_02:24:00_TAI,11075
688,40,2010.06.01_02:36:00_TAI,11075
689,40,2010.06.01_02:48:00_TAI,11075
690,40,2010.06.01_03:00:00_TAI,11075
691,40,2010.06.01_03:12:00_TAI,11075
692,40,2010.06.01_03:24:00_TAI,11075
693,40,2010.06.01_03:36:00_TAI,11075
694,40,2010.06.01_03:48:00_TAI,11075
695,40,2010.06.01_04:00:00_TAI,11075
696,40,2010.06.01_04:12:00_TAI,11075
697,40,2010.06.01_04:24:00_TAI,11075
698,40,2010.06.01_04:36:00_TAI,11075
699,40,2010.06.01_04:48:00_TAI,11075
700,40,2010.06.01_05:00:00_TAI,11075
701,40,2010.06.01_05:12:00_TAI,11075
702,40,2010.06.01_05:24:00_TAI,11075
703,40,2010.06.01_05:36:00_TAI,11075
704,40,2010.06.01_05:48:00_TAI,11075
705,40,2010.06.01_06:00:00_TAI,11075
706,40,2010.06.01_06:12:00_TAI,11075
707,40,2010.06.01_06:24:00_TAI,11075
708,40,2010.06.01_06:36:00_TAI,11075
709,40,2010.06.01_06:48:00_TAI,11075
710,40,2010.06.01_07:00:00_TAI,11075
711,40,2010.06.01_07:12:00_TAI,11075
712,40,2010.06.01_07:24:00_TAI,11075
713,40,2010.06.01_07:36:00_TAI,11075
714,40,2010.06.01_07:48:00_TAI,11075
715,40,2010.06.01_08:00:00_TAI,11075
716,40,2010.06.01_08:12:00_TAI,11075
717,40,2010.06.01_08:24:00_TAI,11075
718,40,2010.06.01_08:36:00_TAI,11075
719,40,2010.06.01_08:48:00_TAI,11075
720,40,2010.06.01_09:00:00_TAI,11075
721,40,2010.06.01_09:12:00_TAI,11075
722,40,2010.06.01_09:24:00_TAI,11075
723,40,2010.06.01_09:36:00_TAI,11075
724,40,2010.06.01_09:48:00_TAI,11075
725,40,2010.06.01_10:00:00_TAI,11075
726,40,2010.06.01_10:12:00_TAI,11075
727,40,2010.06.01_10:24:00_TAI,11075
728,40,2010.06.01_10:36:00_TAI,11075
729,40,2010.06.01_10:48:00_TAI,11075
730,40,2010.06.01_11:00:00_TAI,11075
731,40,2010.06.01_11:12:00_TAI,11075
732,40,2010.06.01_11:24:00_TAI,11075
733,40,2010.06.01_11:36:00_TAI,11075
734,40,2010.06.01_11:48:00_TAI,11075
735,40,2010.06.01_12:00:00_TAI,11075
736,40,2010.06.01_12:12:00_TAI,11075
737,40,2010.06.01_12:24:00_TAI,11075
738,40,2010.06.01_12:36:00_TAI,11075
739,40,2010.06.01_12:48:00_TAI,11075
740,40,2010.06.01_13:00:00_TAI,11075
741,40,2010.06.01_13:12:00_TAI,11075
742,40,2010.06.01_13:24:00_TAI,11075
743,40,2010.06.01_13:36:00_TAI,11075
744,40,2010.06.01_13:48:00_TAI,11075
745,40,2010.06.01_14:00:00_TAI,11075
746,40,2010.06.01_14:12:00_TAI,11075
747,40,2010.06.01_14:24:00_TAI,11075
748,40,2010.06.01_14:36:00_TAI,11075
749,40,2010.06.01_14:48:00_TAI,11075
750,40,2010.06.01_15:00:00_TAI,11075
751,40,2010.06.01_15:12:00_TAI,11075
752,40,2010.06.01_15:24:00_TAI,11075
753,40,2010.06.01_15:36:00_TAI,11075
754,40,2010.06.01_15:48:00_TAI,11075
755,40,2010.06.01_16:00:00_TAI,11075
756,40,2010.06.01_16:12:00_TAI,11075
757,40,2010.06.01_16:24:00_TAI,11075
758,40,2010.06.01_16:36:00_TAI,11075
759,40,2010.06.01_16:48:00_TAI,11075
760,40,2010.06.01_17:00:00_TAI,11075
761,40,2010.06.01_17:12:00_TAI,11075
762,40,2010.06.01_17:24:00_TAI,11075
763,40,2010.06.01_17:36:00_TAI,11075
764,40,2010.06.01_17:48:00_TAI,11075
765,40,2010.06.01_18:00:00_TAI,11075
766,40,2010.06.01_18:12:00_TAI,11075
767,40,2010.06.01_18:24:00_TAI,11075
768,40,2010.06.01_18:36:00_TAI,11075
769,40,2010.06.01_18:48:00_TAI,11075
770,40,2010.06.01_19:00:00_TAI,11075
771,40,2010.06.01_19:12:00_TAI,11075
772,40,2010.06.01_19:24:00_TAI,11075
773,40,2010.06.01_19:36:00_TAI,11075
774,40,2010.06.01_19:48:00_TAI,11075
775,40,2010.06.01_20:00:00_TAI,11075
776,40,2010.06.01_20:12:00_TAI,11075
777,40,2010.06.01_20:24:00_TAI,11075
778,40,2010.06.01_20:36:00_TAI,11075
779,40,2010.06.01_20:48:00_TAI,11075
780,40,2010.06.01_21:00:00_TAI,11075
781,40,2010.06.01_21:12:00_TAI,11075
782,40,2010.06.01_21:24:00_TAI,11075
783,40,2010.06.01_21:36:00_TAI,11075
784,40,2010.06.01_21:48:00_TAI,11075
785,40,2010.06.01_22:00:00_TAI,11075
786,40,2010.06.01_22:12:00_TAI,11075
787,40,2010.06.01_22:24:00_TAI,11075
788,40,2010.06.01_22:36:00_TAI,11075
789,40,2010.06.01_22:48:00_TAI,11075
790,40,2010.06.01_23:00:00_TAI,11075
791,40,2010.06.01_23:12:00_TAI,11075
792,40,2010.06.01_23:24:00_TAI,11075
793,40,2010.06.01_23:36:00_TAI,11075
794,40,2010.06.01_23:48:00_TAI,11075
795,40,2010.06.02_00:00:00_TAI,11075
796,40,2010.06.02_00:12:00_TAI,11075
797,40,2010.06.02_00:24:00_TAI,11075
798,40,2010.06.02_00:36:00_TAI,11075
799,40,2010.06.02_00:48:00_TAI,11075
800,40,2010.06.02_01:00:00_TAI,11075
801,40,2010.06.02_01:12:00_TAI,11075
802,40,2010.06.02_01:24:00_TAI,11075
803,40,2010.06.02_01:36:00_TAI,11075
804,40,2010.06.02_01:48:00_TAI,11075
805,40,2010.06.02_02:00:00_TAI,11075
806,40,2010.06.02_02:12:00_TAI,11075
807,40,2010.06.02_02:24:00_TAI,11075
808,40,2010.06.02_02:36:00_TAI,11075
809,40,2010.06.02_02:48:00_TAI,11075
810,40,2010.06.02_03:00:00_TAI,11075
811,40,2010.06.02_03:12:00_TAI,11075
812,40,2010.06.02_03:24:00_TAI,11075
813,40,2010.06.02_03:36:00_TAI,11075
814,40,2010.06.02_03:48:00_TAI,11075
815,40,2010.06.02_04:00:00_TAI,11075
816,40,2010.06.02_04:12:00_TAI,11075
817,40,2010.06.02_04:24:00_TAI,11075
818,40,2010.06.02_04:36:00_TAI,11075
819,40,2010.06.02_04:48:00_TAI,11075
820,40,2010.06.02_05:00:00_TAI,11075
821,40,2010.06.02_05:12:00_TAI,11075
822,40,2010.06.02_05:24:00_TAI,11075
823,40,2010.06.02_05:36:00_TAI,11075
824,40,2010.06.02_05:48:00_TAI,11075
825,40,2010.06.02_06:00:00_TAI,11075
826,40,2010.06.02_06:12:00_TAI,11075
827,40,2010.06.02_06:24:00_TAI,11075
828,40,2010.06.02_06:36:00_TAI,11075
829,40,2010.06.02_06:48:00_TAI,11075
830,40,2010.06.02_07:00:00_TAI,11075
831,40,2010.06.02_07:12:00_TAI,11075
832,40,2010.06.02_07:24:00_TAI,11075
833,40,2010.06.02_07:36:00_TAI,11075
834,40,2010.06.02_07:48:00_TAI,11075
835,40,2010.06.02_08:00:00_TAI,11075
836,40,2010.06.02_08:12:00_TAI,11075
837,40,2010.06.02_08:24:00_TAI,11075
838,40,2010.06.02_08:36:00_TAI,11075
839,40,2010.06.02_08:48:00_TAI,11075
840,40,2010.06.02_09:00:00_TAI,11075
841,40,2010.06.02_09:12:00_TAI,11075
842,40,2010.06.02_09:24:00_TAI,11075
843,40,2010.06.02_09:36:00_TAI,11075
844,40,2010.06.02_09:48:00_TAI,11075
845,40,2010.06.02_10:00:00_TAI,11075
846,40,2010.06.02_10:12:00_TAI,11075
847,40,2010.06.02_10:24:00_TAI,11075
848,40,2010.06.02_10:36:00_TAI,11075
849,40,2010.06.02_10:48:00_TAI,11075
850,40,2010.06.02_11:00:00_TAI,11075
851,40,2010.06.02_11:12:00_TAI,11075
852,40,2010.06.02_11:24:00_TAI,11075
853,40,2010.06.02_11:36:00_TAI,11075
854,40,2010.06.02_11:48:00_TAI,11075
855,40,2010.06.02_12:00:00_TAI,11075
856,40,2010.06.02_12:12:00_TAI,11075
857,40,2010.06.02_12:24:00_TAI,11075
858,40,2010.06.02_12:36:00_TAI,11075
859,40,2010.06.02_12:48:00_TAI,11075
860,40,2010.06.02_13:00:00_TAI,11075
861,40,2010.06.02_13:12:00_TAI,11075
862,40,2010.06.02_13:24:00_TAI,11075
863,40,2010.06.02_13:36:00_TAI,11075
864,40,2010.06.02_13:48:00_TAI,11075
865,40,2010.06.02_14:00:00_TAI,11075
866,40,2010.06.02_14:12:00_TAI,11075
867,40,2010.06.02_14:24:00_TAI,11075
868,40,2010.06.02_14:36:00_TAI,11075
869,40,2010.06.02_14:48:00_TAI,11075
870,40,2010.06.02_15:00:00_TAI,11075
871,40,2010.06.02_15:12:00_TAI,11075
872,40,2010.06.02_15:24:00_TAI,11075
873,40,2010.06.02_15:36:00_TAI,11075
874,40,2010.06.02_15:48:00_TAI,11075
875,40,2010.06.02_16:00:00_TAI,11075
876,40,2010.06.02_16:12:00_TAI,11075
877,40,2010.06.02_16:24:00_TAI,11075
878,40,2010.06.02_16:36:00_TAI,11075
879,40,2010.06.02_16:48:00_TAI,11075
880,40,2010.06.02_17:00:00_TAI,11075
881,40,2010.06.02_17:12:00_TAI,11075
882,40,2010.06.02_17:24:00_TAI,11075
883,40,2010.06.02_17:36:00_TAI,11075
884,40,2010.06.02_17:48:00_TAI,11075
885,40,2010.06.02_18:00:00_TAI,11075
886,40,2010.06.02_18:12:00_TAI,11075
887,40,2010.06.02_18:24:00_TAI,11075
888,40,2010.06.02_18:36:00_TAI,11075
889,40,2010.06.02_18:48:00_TAI,11075
890,40,2010.06.02_19:00:00_TAI,11075
891,40,2010.06.02_19:12:00_TAI,11075
892,40,2010.06.02_19:24:00_TAI,11075
893,40,2010.06.02_19:36:00_TAI,11075
894,40,2010.06.02_19:48:00_TAI,11075
895,40,2010.06.02_20:00:00_TAI,11075
896,40,2010.06.02_20:12:00_TAI,11075
897,40,2010.06.02_20:24:00_TAI,11075
898,40,2010.06.02_20:36:00_TAI,11075
899,40,2010.06.02_20:48:00_TAI,11075
900,40,2010.06.02_21:00:00_TAI,11075
901,40,2010.06.02_21:12:00_TAI,11075
902,40,2010.06.02_21:24:00_TAI,11075
903,40,2010.06.02_21:36:00_TAI,11075
904,40,2010.06.02_21:48:00_TAI,11075
905,40,2010.06.02_22:00:00_TAI,11075
906,40,2010.06.02_22:12:00_TAI,11075
907,40,2010.06.02_22:24:00_TAI,11075
908,40,2010.06.02_22:36:00_TAI,11075
909,40,2010.06.02_22:48:00_TAI,11075
910,40,2010.06.02_23:00:00_TAI,11075
911,40,2010.06.02_23:12:00_TAI,11075
912,40,2010.06.02_23:24:00_TAI,11075
913,40,2010.06.02_23:36:00_TAI,11075
914,40,2010.06.02_23:48:00_TAI,11075
915,40,2010.06.03_00:00:00_TAI,11075
916,43,2010.05.31_04:12:00_TAI,11076
917,43,2010.05.31_04:24:00_TAI,11076
918,43,2010.05.31_04:36:00_TAI,11076
919,43,2010.05.31_04:48:00_TAI,11076
920,43,2010.05.31_05:00:00_TAI,11076
921,43,2010.05.31_05:12:00_TAI,11076
922,43,2010.05.31_05:24:00_TAI,11076
923,43,2010.05.31_05:36:00_TAI,11076
924,43,2010.05.31_05:48:00_TAI,11076
925,43,2010.05.31_06:00:00_TAI,11076
926,43,2010.05.31_06:12:00_TAI,11076
927,43,2010.05.31_06:24:00_TAI,11076
928,43,2010.05.31_06:36:00_TAI,11076
929,43,2010.05.31_06:48:00_TAI,11076
930,43,2010.05.31_07:00:00_TAI,11076
931,43,2010.05.31_07:12:00_TAI,11076
932,43,2010.05.31_07:24:00_TAI,11076
933,43,2010.05.31_07:36:00_TAI,11076
934,43,2010.05.31_07:48:00_TAI,11076
935,43,2010.05.31_08:00:00_TAI,11076
936,43,2010.05.31_08:12:00_TAI,11076
937,43,2010.05.31_08:24:00_TAI,11076
938,43,2010.05.31_08:36:00_TAI,11076
939,43,2010.05.31_08:48:00_TAI,11076
940,43,2010.05.31_09:00:00_TAI,11076
941,43,2010.05.31_09:12:00_TAI,11076
942,43,2010.05.31_09:24:00_TAI,11076
943,43,2010.05.31_09:36:00_TAI,11076
944,43,2010.05.31_09:48:00_TAI,11076
945,43,2010.05.31_10:00:00_TAI,11076
946,43,2010.05.31_10:12:00_TAI,11076
947,43,2010.05.31_10:24:00_TAI,11076
948,43,2010.05.31_10:36:00_TAI,11076
949,43,2010.05.31_10:48:00_TAI,11076
950,43,2010.05.31_11:00:00_TAI,11076
951,43,2010.05.31_11:12:00_TAI,11076
952,43,2010.05.31_11:24:00_TAI,11076
953,43,2010.05.31_11:36:00_TAI,11076
954,43,2010.05.31_11:48:00_TAI,11076
955,43,2010.05.31_12:00:00_TAI,11076
956,43,2010.05.31_12:12:00_TAI,11076
957,43,2010.05.31_12:24:00_TAI,11076
958,43,2010.05.31_12:36:00_TAI,11076
959,43,2010.05.31_12:48:00_TAI,11076
960,43,2010.05.31_13:00:00_TAI,11076
961,43,2010.05.31_13:12:00_TAI,11076
962,43,2010.05.31_13:24:00_TAI,11076
963,43,2010.05.31_13:36:00_TAI,11076
964,43,2010.05.31_13:48:00_TAI,11076
965,43,2010.05.31_14:00:00_TAI,11076
966,43,2010.05.31_14:12:00_TAI,11076
967,43,2010.05.31_14:24:00_TAI,11076
968,43,2010.05.31_14:36:00_TAI,11076
969,43,2010.05.31_14:48:00_TAI,11076
970,43,2010.05.31_15:00:00_TAI,11076
971,43,2010.05.31_15:12:00_TAI,11076
972,43,2010.05.31_15:24:00_TAI,11076
973,43,2010.05.31_15:36:00_TAI,11076
974,43,2010.05.31_15:48:00_TAI,11076
975,43,2010.05.31_16:00:00_TAI,11076
976,43,2010.05.31_16:12:00_TAI,11076
977,43,2010.05.31_16:24:00_TAI,11076
978,43,2010.05.31_16:36:00_TAI,11076
979,43,2010.05.31_16:48:00_TAI,11076
980,43,2010.05.31_17:00:00_TAI,11076
981,43,2010.05.31_17:12:00_TAI,11076
982,43,2010.05.31_17:24:00_TAI,11076
983,43,2010.05.31_17:36:00_TAI,11076
984,43,2010.05.31_17:48:00_TAI,11076
985,43,2010.05.31_18:00:00_TAI,11076
986,43,2010.05.31_18:12:00_TAI,11076
987,43,2010.05.31_18:24:00_TAI,11076
988,43,2010.05.31_18:36:00_TAI,11076
989,43,2010.05.31_18:48:00_TAI,11076
990,43,2010.05.31_19:00:00_TAI,11076
991,43,2010.05.31_19:12:00_TAI,11076
992,43,2010.05.31_19:24:00_TAI,11076
993,43,2010.05.31_19:36:00_TAI,11076
994,43,2010.05.31_19:48:00_TAI,11076
995,43,2010.05.31_20:00:00_TAI,11076
996,43,2010.05.31_20:12:00_TAI,11076
997,43,2010.05.31_20:24:00_TAI,11076
998,43,2010.05.31_20:36:00_TAI,11076
999,43,2010.05.31_20:48:00_TAI,11076
1000,43,2010.05.31_21:00:00_TAI,11076
1001,43,2010.05.31_21:12:00_TAI,11076
1002,43,2010.05.31_21:24:00_TAI,11076
1003,43,2010.05.31_21:36:00_TAI,11076
1004,43,2010.05.31_21:48:00_TAI,11076
1005,43,2010.05.31_22:00:00_TAI,11076
1006,43,2010.05.31_22:12:00_TAI,11076
1007,43,2010.05.31_22:24:00_TAI,11076
1008,43,2010.05.31_22:36:00_TAI,11076
1009,43,2010.05.31_22:48:00_TAI,11076
1010,43,2010.05.31_23:00:00_TAI,11076
1011,43,2010.05.31_23:12:00_TAI,11076
1012,43,2010.05.31_23:24:00_TAI,11076
1013,43,2010.05.31_23:36:00_TAI,11076
1014,43,2010.05.31_23:48:00_TAI,11076
1015,43,2010.06.01_00:00:00_TAI,11076
1016,43,2010.06.01_00:12:00_TAI,11076
1017,43,2010.06.01_00:24:00_TAI,11076
1018,43,2010.06.01_00:36:00_TAI,11076
1019,43,2010.06.01_00:48:00_TAI,11076
1020,43,2010.06.01_01:00:00_TAI,11076
1021,43,2010.06.01_01:12:00_TAI,11076
1022,43,2010.06.01_01:24:00_TAI,11076
1023,43,2010.06.01_01:36:00_TAI,11076
1024,43,2010.06.01_01:48:00_TAI,11076
1025,43,2010.06.01_02:00:00_TAI,11076
1026,43,2010.06.01_02:12:00_TAI,11076
1027,43,2010.06.01_02:24:00_TAI,11076
1028,43,2010.06.01_02:36:00_TAI,11076
1029,43,2010.06.01_02:48:00_TAI,11076
1030,43,2010.06.01_03:00:00_TAI,11076
1031,43,2010.06.01_03:12:00_TAI,11076
1032,43,2010.06.01_03:24:00_TAI,11076
1033,43,2010.06.01_03:36:00_TAI,11076
1034,43,2010.06.01_03:48:00_TAI,11076
1035,43,2010.06.01_04:00:00_TAI,11076
1036,43,2010.06.01_04:12:00_TAI,11076
1037,43,2010.06.01_04:24:00_TAI,11076
1038,43,2010.06.01_04:36:00_TAI,11076
1039,43,2010.06.01_04:48:00_TAI,11076
1040,43,2010.06.01_05:00:00_TAI,11076
1041,43,2010.06.01_05:12:00_TAI,11076
1042,43,2010.06.01_05:24:00_TAI,11076
1043,43,2010.06.01_05:36:00_TAI,11076
1044,43,2010.06.01_05:48:00_TAI,11076
1045,43,2010.06.01_06:00:00_TAI,11076
1046,43,2010.06.01_06:12:00_TAI,11076
1047,43,2010.06.01_06:24:00_TAI,11076
1048,43,2010.06.01_06:36:00_TAI,11076
1049,43,2010.06.01_06:48:00_TAI,11076
1050,43,2010.06.01_07:00:00_TAI,11076
1051,43,2010.06.01_07:12:00_TAI,11076
1052,43,2010.06.01_07:24:00_TAI,11076
1053,43,2010.06.01_07:36:00_TAI,11076
1054,43,2010.06.01_07:48:00_TAI,11076
1055,43,2010.06.01_08:00:00_TAI,11076
1056,43,2010.06.01_08:12:00_TAI,11076
1057,43,2010.06.01_08:24:00_TAI,11076
1058,43,2010.06.01_08:36:00_TAI,11076
1059,43,2010.06.01_08:48:00_TAI,11076
1060,43,2010.06.01_09:00:00_TAI,11076
1061,43,2010.06.01_09:12:00_TAI,11076
1062,43,2010.06.01_09:24:00_TAI,11076
1063,43,2010.06.01_09:36:00_TAI,11076
1064,43,2010.06.01_09:48:00_TAI,11076
1065,43,2010.06.01_10:00:00_TAI,11076
1066,43,2010.06.01_10:12:00_TAI,11076
1067,43,2010.06.01_10:24:00_TAI,11076
1068,43,2010.06.01_10:36:00_TAI,11076
1069,43,2010.06.01_10:48:00_TAI,11076
1070,43,2010.06.01_11:00:00_TAI,11076
1071,43,2010.06.01_11:12:00_TAI,11076
1072,43,2010.06.01_11:24:00_TAI,11076
1073,43,2010.06.01_11:36:00_TAI,11076
1074,43,2010.06.01_11:48:00_TAI,11076
1075,43,2010.06.01_12:00:00_TAI,11076
1076,43,2010.06.01_12:12:00_TAI,11076
1077,43,2010.06.01_12:24:00_TAI,11076
1078,43,2010.06.01_12:36:00_TAI,11076
1079,43,2010.06.01_12:48:00_TAI,11076
1080,43,2010.06.01_13:00:00_TAI,11076
1081,43,2010.06.01_13:12:00_TAI,11076
1082,43,2010.06.01_13:24:00_TAI,11076
1083,43,2010.06.01_13:36:00_TAI,11076
1084,43,2010.06.01_13:48:00_TAI,11076
1085,43,2010.06.01_14:00:00_TAI,11076
1086,43,2010.06.01_14:12:00_TAI,11076
1087,43,2010.06.01_14:24:00_TAI,11076
1088,43,2010.06.01_14:36:00_TAI,11076
1089,43,2010.06.01_14:48:00_TAI,11076
1090,43,2010.06.01_15:00:00_TAI,11076
1091,43,2010.06.01_15:12:00_TAI,11076
1092,43,2010.06.01_15:24:00_TAI,11076
1093,43,2010.06.01_15:36:00_TAI,11076
1094,43,2010.06.01_15:48:00_TAI,11076
1095,43,2010.06.01_16:00:00_TAI,11076
1096,43,2010.06.01_16:12:00_TAI,11076
1097,43,2010.06.01_16:24:00_TAI,11076
1098,43,2010.06.01_16:36:00_TAI,11076
1099,43,2010.06.01_16:48:00_TAI,11076
1100,43,2010.06.01_17:00:00_TAI,11076
1101,43,2010.06.01_17:12:00_TAI,11076
1102,43,2010.06.01_17:24:00_TAI,11076
1103,43,2010.06.01_17:36:00_TAI,11076
1104,43,2010.06.01_17:48:00_TAI,11076
1105,43,2010.06.01_18:00:00_TAI,11076
1106,43,2010.06.01_18:12:00_TAI,11076
1107,43,2010.06.01_18:24:00_TAI,11076
1108,43,2010.06.01_18:36:00_TAI,11076
1109,43,2010.06.01_18:48:00_TAI,11076
1110,43,2010.06.01_19:00:00_TAI,11076
1111,43,2010.06.01_19:12:00_TAI,11076
1112,43,2010.06.01_19:24:00_TAI,11076
1113,43,2010.06.01_19:36:00_TAI,11076
1114,43,2010.06.01_19:48:00_TAI,11076
1115,43,2010.06.01_20:00:00_TAI,11076
1116,43,2010.06.01_20:12:00_TAI,11076
1117,43,2010.06.01_20:24:00_TAI,11076
1118,43,2010.06.01_20:36:00_TAI,11076
1119,43,2010.06.01_20:48:00_TAI,11076
1120,43,2010.06.01_21:00:00_TAI,11076
1121,43,2010.06.01_21:12:00_TAI,11076
1122,43,2010.06.01_21:24:00_TAI,11076
1123,43,2010.06.01_21:36:00_TAI,11076
1124,43,2010.06.01_21:48:00_TAI,11076
1125,43,2010.06.01_22:00:00_TAI,11076
1126,43,2010.06.01_22:12:00_TAI,11076
1127,43,2010.06.01_22:24:00_TAI,11076
1128,43,2010.06.01_22:36:00_TAI,11076
1129,43,2010.06.01_22:48:00_TAI,11076
1130,43,2010.06.01_23:00:00_TAI,11076
1131,43,2010.06.01_23:12:00_TAI,11076
1132,43,2010.06.01_23:24:00_TAI,11076
1133,43,2010.06.01_23:36:00_TAI,11076
1134,43,2010.06.01_23:48:00_TAI,11076
1135,43,2010.06.02_00:00:00_TAI,11076
1136,43,2010.06.02_00:12:00_TAI,11076
1137,43,2010.06.02_00:24:00_TAI,11076
1138,43,2010.06.02_00:36:00_TAI,11076
1139,43,2010.06.02_00:48:00_TAI,11076
1140,43,2010.06.02_01:00:00_TAI,11076
1141,43,2010.06.02_01:12:00_TAI,11076
1142,43,2010.06.02_01:24:00_TAI,11076
1143,43,2010.06.02_01:36:00_TAI,11076
1144,43,2010.06.02_01:48:00_TAI,11076
1145,43,2010.06.02_02:00:00_TAI,11076
1146,43,2010.06.02_02:12:00_TAI,11076
1147,43,2010.06.02_02:24:00_TAI,11076
1148,43,2010.06.02_02:36:00_TAI,11076
1149,43,2010.06.02_02:48:00_TAI,11076
1150,43,2010.06.02_03:00:00_TAI,11076
1151,43,2010.06.02_03:12:00_TAI,11076
1152,43,2010.06.02_03:24:00_TAI,11076
1153,43,2010.06.02_03:36:00_TAI,11076
1154,43,2010.06.02_03:48:00_TAI,11076
1155,43,2010.06.02_04:00:00_TAI,11076
1156,43,2010.06.02_04:12:00_TAI,11076
1157,43,2010.06.02_04:24:00_TAI,11076
1158,43,2010.06.02_04:36:00_TAI,11076
1159,43,2010.06.02_04:48:00_TAI,11076
1160,43,2010.06.02_05:00:00_TAI,11076
1161,43,2010.06.02_05:12:00_TAI,11076
1162,43,2010.06.02_05:24:00_TAI,11076
1163,43,2010.06.02_05:36:00_TAI,11076
1164,43,2010.06.02_05:48:00_TAI,11076
1165,43,2010.06.02_06:00:00_TAI,11076
1166,43,2010.06.02_06:12:00_TAI,11076
1167,43,2010.06.02_06:24:00_TAI,11076
1168,43,2010.06.02_06:36:00_TAI,11076
1169,43,2010.06.02_06:48:00_TAI,11076
1170,43,2010.06.02_07:00:00_TAI,11076
1171,43,2010.06.02_07:12:00_TAI,11076
1172,43,2010.06.02_07:24:00_TAI,11076
1173,43,2010.06.02_07:36:00_TAI,11076
1174,43,2010.06.02_07:48:00_TAI,11076
1175,43,2010.06.02_08:00:00_TAI,11076
1176,43,2010.06.02_08:12:00_TAI,11076
1177,43,2010.06.02_08:24:00_TAI,11076
1178,43,2010.06.02_08:36:00_TAI,11076
1179,43,2010.06.02_08:48:00_TAI,11076
1180,43,2010.06.02_09:00:00_TAI,11076
1181,43,2010.06.02_09:12:00_TAI,11076
1182,43,2010.06.02_09:24:00_TAI,11076
1183,43,2010.06.02_09:36:00_TAI,11076
1184,43,2010.06.02_09:48:00_TAI,11076
1185,43,2010.06.02_10:00:00_TAI,11076
1186,43,2010.06.02_10:12:00_TAI,11076
1187,43,2010.06.02_10:24:00_TAI,11076
1188,43,2010.06.02_10:36:00_TAI,11076
1189,43,2010.06.02_10:48:00_TAI,11076
1190,43,2010.06.02_11:00:00_TAI,11076
1191,43,2010.06.02_11:12:00_TAI,11076
1192,43,2010.06.02_11:24:00_TAI,11076
1193,43,2010.06.02_11:36:00_TAI,11076
1194,43,2010.06.02_11:48:00_TAI,11076
1195,43,2010.06.02_12:00:00_TAI,11076
1196,43,2010.06.02_12:12:00_TAI,11076
1197,43,2010.06.02_12:24:00_TAI,11076
1198,43,2010.06.02_12:36:00_TAI,11076
1199,43,2010.06.02_12:48:00_TAI,11076
1200,43,2010.06.02_13:00:00_TAI,11076
1201,43,2010.06.02_13:12:00_TAI,11076
1202,43,2010.06.02_13:24:00_TAI,11076
1203,43,2010.06.02_13:36:00_TAI,11076
1204,43,2010.06.02_13:48:00_TAI,11076
1205,43,2010.06.02_14:00:00_TAI,11076
1206,43,2010.06.02_14:12:00_TAI,11076
1207,43,2010.06.02_14:24:00_TAI,11076
1208,43,2010.06.02_14:36:00_TAI,11076
1209,43,2010.06.02_14:48:00_TAI,11076
1210,43,2010.06.02_15:00:00_TAI,11076
1211,43,2010.06.02_15:12:00_TAI,11076
1212,43,2010.06.02_15:24:00_TAI,11076
1213,43,2010.06.02_15:36:00_TAI,11076
1214,43,2010.06.02_15:48:00_TAI,11076
1215,43,2010.06.02_16:00:00_TAI,11076
1216,43,2010.06.02_16:12:00_TAI,11076
1217,43,2010.06.02_16:24:00_TAI,11076
1218,43,2010.06.02_16:36:00_TAI,11076
1219,43,2010.06.02_16:48:00_TAI,11076
1220,43,2010.06.02_17:00:00_TAI,11076
1221,43,2010.06.02_17:12:00_TAI,11076
1222,43,2010.06.02_17:24:00_TAI,11076
1223,43,2010.06.02_17:36:00_TAI,11076
1224,43,2010.06.02_17:48:00_TAI,11076
1225,43,2010.06.02_18:00:00_TAI,11076
1226,43,2010.06.02_18:12:00_TAI,11076
1227,43,2010.06.02_18:24:00_TAI,11076
1228,43,2010.06.02_18:36:00_TAI,11076
1229,43,2010.06.02_18:48:00_TAI,11076
1230,43,2010.06.02_19:00:00_TAI,11076
1231,43,2010.06.02_19:12:00_TAI,11076
1232,43,2010.06.02_19:24:00_TAI,11076
1233,43,2010.06.02_19:36:00_TAI,11076
1234,43,2010.06.02_19:48:00_TAI,11076
1235,43,2010.06.02_20:00:00_TAI,11076
1236,43,2010.06.02_20:12:00_TAI,11076
1237,43,2010.06.02_20:24:00_TAI,11076
1238,43,2010.06.02_20:36:00_TAI,11076
1239,43,2010.06.02_20:48:00_TAI,11076
1240,43,2010.06.02_21:00:00_TAI,11076
1241,43,2010.06.02_21:12:00_TAI,11076
1242,43,2010.06.02_21:24:00_TAI,11076
1243,43,2010.06.02_21:36:00_TAI,11076
1244,43,2010.06.02_21:48:00_TAI,11076
1245,43,2010.06.02_22:00:00_TAI,11076
1246,43,2010.06.02_22:12:00_TAI,11076
1247,43,2010.06.02_22:24:00_TAI,11076
1248,43,2010.06.02_22:36:00_TAI,11076
1249,43,2010.06.02_22:48:00_TAI,11076
1250,43,2010.06.02_23:00:00_TAI,11076
1251,43,2010.06.02_23:12:00_TAI,11076
1252,43,2010.06.02_23:24:00_TAI,11076
1253,43,2010.06.02_23:36:00_TAI,11076
1254,43,2010.06.02_23:48:00_TAI,11076
1255,43,2010.06.03_00:00:00_TAI,11076
1256,44,2010.06.01_03:36:00_TAI,MISSING
1257,44,2010.06.01_03:48:00_TAI,MISSING
1258,44,2010.06.01_04:00:00_TAI,MISSING
1259,44,2010.06.01_04:12:00_TAI,MISSING
1260,44,2010.06.01_04:24:00_TAI,MISSING
1261,44,2010.06.01_04:36:00_TAI,MISSING
1262,44,2010.06.01_04:48:00_TAI,MISSING
1263,44,2010.06.01_05:00:00_TAI,MISSING
1264,44,2010.06.01_05:12:00_TAI,MISSING
1265,44,2010.06.01_05:24:00_TAI,MISSING
1266,44,2010.06.01_05:36:00_TAI,MISSING
1267,44,2010.06.01_05:48:00_TAI,MISSING
1268,44,2010.06.01_06:00:00_TAI,MISSING
1269,44,2010.06.01_06:12:00_TAI,MISSING
1270,44,2010.06.01_06:24:00_TAI,MISSING
1271,44,2010.06.01_06:36:00_TAI,MISSING
1272,44,2010.06.01_06:48:00_TAI,MISSING
1273,44,2010.06.01_07:00:00_TAI,MISSING
1274,44,2010.06.01_07:12:00_TAI,MISSING
1275,44,2010.06.01_07:24:00_TAI,MISSING
1276,44,2010.06.01_07:36:00_TAI,MISSING
1277,44,2010.06.01_07:48:00_TAI,MISSING
1278,44,2010.06.01_08:00:00_TAI,MISSING
1279,44,2010.06.01_08:12:00_TAI,MISSING
1280,44,2010.06.01_08:24:00_TAI,MISSING
1281,44,2010.06.01_08:36:00_TAI,MISSING
1282,44,2010.06.01_08:48:00_TAI,MISSING
1283,44,2010.06.01_09:00:00_TAI,MISSING
1284,44,2010.06.01_09:12:00_TAI,MISSING
1285,44,2010.06.01_09:24:00_TAI,MISSING
1286,44,2010.06.01_09:36:00_TAI,MISSING
1287,44,2010.06.01_09:48:00_TAI,MISSING
1288,44,2010.06.01_10:00:00_TAI,MISSING
1289,44,2010.06.01_10:12:00_TAI,MISSING
1290,44,2010.06.01_10:24:00_TAI,MISSING
1291,44,2010.06.01_10:36:00_TAI,MISSING
1292,44,2010.06.01_10:48:00_TAI,MISSING
1293,44,2010.06.01_11:00:00_TAI,MISSING
1294,44,2010.06.01_11:12:00_TAI,MISSING
1295,44,2010.06.01_11:24:00_TAI,MISSING
1296,44,2010.06.01_11:36:00_TAI,MISSING
1297,44,2010.06.01_11:48:00_TAI,MISSING
1298,44,2010.06.01_12:00:00_TAI,MISSING
1299,44,2010.06.01_12:12:00_TAI,MISSING
1300,44,2010.06.01_12:24:00_TAI,MISSING
1301,44,2010.06.01_12:36:00_TAI,MISSING
1302,44,2010.06.01_12:48:00_TAI,MISSING
1303,44,2010.06.01_13:00:00_TAI,MISSING
1304,44,2010.06.01_13:12:00_TAI,MISSING
1305,44,2010.06.01_13:24:00_TAI,MISSING
1306,44,2010.06.01_13:36:00_TAI,MISSING
1307,44,2010.06.01_13:48:00_TAI,MISSING
1308,44,2010.06.01_14:00:00_TAI,MISSING
1309,44,2010.06.01_14:12:00_TAI,MISSING
1310,44,2010.06.01_14:24:00_TAI,MISSING
1311,44,2010.06.01_14:36:00_TAI,MISSING
1312,44,2010.06.01_14:48:00_TAI,MISSING
1313,44,2010.06.01_15:00:00_TAI,MISSING
1314,44,2010.06.01_15:12:00_TAI,MISSING
1315,44,2010.06.01_15:24:00_TAI,MISSING
1316,44,2010.06.01_15:36:00_TAI,MISSING
1317,44,2010.06.01_15:48:00_TAI,MISSING
1318,44,2010.06.01_16:00:00_TAI,MISSING
1319,44,2010.06.01_16:12:00_TAI,MISSING
1320,44,2010.06.01_16:24:00_TAI,MISSING
1321,44,2010.06.01_16:36:00_TAI,MISSING
1322,44,2010.06.01_16:48:00_TAI,MISSING
1323,44,2010.06.01_17:00:00_TAI,MISSING
1324,44,2010.06.01_17:12:00_TAI,MISSING
1325,44,2010.06.01_17:24:00_TAI,MISSING
1326,44,2010.06.01_17:36:00_TAI,MISSING
1327,44,2010.06.01_17:48:00_TAI,MISSING
1328,44,2010.06.01_18:00:00_TAI,MISSING
1329,44,2010.06.01_18:12:00_TAI,MISSING
1330,44,2010.06.01_18:24:00_TAI,MISSING
1331,44,2010.06.01_18:36:00_TAI,MISSING
1332,44,2010.06.01_18:48:00_TAI,MISSING
1333,44,2010.06.01_19:00:00_TAI,MISSING
1334,44,2010.06.01_19:12:00_TAI,MISSING
1335,44,2010.06.01_19:24:00_TAI,MISSING
1336,44,2010.06.01_19:36:00_TAI,MISSING
1337,44,2010.06.01_19:48:00_TAI,MISSING
1338,44,2010.06.01_20:00:00_TAI,MISSING
1339,44,2010.06.01_20:12:00_TAI,MISSING
1340,44,2010.06.01_20:24:00_TAI,MISSING
1341,44,2010.06.01_20:36:00_TAI,MISSING
1342,44,2010.06.01_20:48:00_TAI,MISSING
1343,44,2010.06.01_21:00:00_TAI,MISSING
1344,44,2010.06.01_21:12:00_TAI,MISSING
1345,44,2010.06.01_21:24:00_TAI,MISSING
1346,44,2010.06.01_21:36:00_TAI,MISSING
1347,44,2010.06.01_21:48:00_TAI,MISSING
1348,44,2010.06.01_22:00:00_TAI,MISSING
1349,44,2010.06.01_22:12:00_TAI,MISSING
1350,44,2010.06.01_22:24:00_TAI,MISSING
1351,44,2010.06.01_22:36:00_TAI,MISSING
1352,44,2010.06.01_22:48:00_TAI,MISSING
1353,44,2010.06.01_23:00:00_TAI,MISSING
1354,44,2010.06.01_23:12:00_TAI,MISSING
1355,44,2010.06.01_23:24:00_TAI,MISSING
1356,44,2010.06.01_23:36:00_TAI,MISSING
1357,44,2010.06.01_23:48:00_TAI,MISSING
1358,44,2010.06.02_00:00:00_TAI,MISSING
1359,44,2010.06.02_00:12:00_TAI,MISSING
1360,44,2010.06.02_00:24:00_TAI,MISSING
1361,44,2010.06.02_00:36:00_TAI,MISSING
1362,44,2010.06.02_00:48:00_TAI,MISSING
1363,44,2010.06.02_01:00:00_TAI,MISSING
1364,44,2010.06.02_01:12:00_TAI,MISSING
1365,44,2010.06.02_01:24:00_TAI,MISSING
1366,44,2010.06.02_01:36:00_TAI,MISSING
1367,44,2010.06.02_01:48:00_TAI,MISSING
1368,44,2010.06.02_02:00:00_TAI,MISSING
1369,44,2010.06.02_02:12:00_TAI,MISSING
1370,44,2010.06.02_02:24:00_TAI,MISSING
1371,44,2010.06.02_02:36:00_TAI,MISSING
1372,44,2010.06.02_02:48:00_TAI,MISSING
1373,44,2010.06.02_03:00:00_TAI,MISSING
1374,44,2010.06.02_03:12:00_TAI,MISSING
1375,44,2010.06.02_03:24:00_TAI,MISSING
1376,44,2010.06.02_03:36:00_TAI,MISSING
1377,44,2010.06.02_03:48:00_TAI,MISSING
1378,44,2010.06.02_04:00:00_TAI,MISSING
1379,44,2010.06.02_04:12:00_TAI,MISSING
1380,44,2010.06.02_04:24:00_TAI,MISSING
1381,44,2010.06.02_04:36:00_TAI,MISSING
1382,44,2010.06.02_04:48:00_TAI,MISSING
1383,44,2010.06.02_05:00:00_TAI,MISSING
1384,44,2010.06.02_05:12:00_TAI,MISSING
1385,44,2010.06.02_05:24:00_TAI,MISSING
1386,44,2010.06.02_05:36:00_TAI,MISSING
1387,44,2010.06.02_05:48:00_TAI,MISSING
1388,44,2010.06.02_06:00:00_TAI,MISSING
1389,44,2010.06.02_06:12:00_TAI,MISSING
1390,44,2010.06.02_06:24:00_TAI,MISSING
1391,44,2010.06.02_06:36:00_TAI,MISSING
1392,44,2010.06.02_06:48:00_TAI,MISSING
1393,44,2010.06.02_07:00:00_TAI,MISSING
1394,44,2010.06.02_07:12:00_TAI,MISSING
1395,44,2010.06.02_07:24:00_TAI,MISSING
1396,44,2010.06.02_07:36:00_TAI,MISSING
1397,44,2010.06.02_07:48:00_TAI,MISSING
1398,44,2010.06.02_08:00:00_TAI,MISSING
1399,44,2010.06.02_08:12:00_TAI,MISSING
1400,44,2010.06.02_08:24:00_TAI,MISSING
1401,44,2010.06.02_08:36:00_TAI,MISSING
1402,44,2010.06.02_08:48:00_TAI,MISSING
1403,44,2010.06.02_09:00:00_TAI,MISSING
1404,44,2010.06.02_09:12:00_TAI,MISSING
1405,44,2010.06.02_09:24:00_TAI,MISSING
1406,44,2010.06.02_09:36:00_TAI,MISSING
1407,44,2010.06.02_09:48:00_TAI,MISSING
1408,44,2010.06.02_10:00:00_TAI,MISSING
1409,44,2010.06.02_10:12:00_TAI,MISSING
1410,44,2010.06.02_10:24:00_TAI,MISSING
1411,44,2010.06.02_10:36:00_TAI,MISSING
1412,44,2010.06.02_10:48:00_TAI,MISSING
1413,44,2010.06.02_11:00:00_TAI,MISSING
1414,44,2010.06.02_11:12:00_TAI,MISSING
1415,44,2010.06.02_11:24:00_TAI,MISSING
1416,44,2010.06.02_11:36:00_TAI,MISSING
1417,44,2010.06.02_11:48:00_TAI,MISSING
1418,44,2010.06.02_12:00:00_TAI,MISSING
1419,44,2010.06.02_12:12:00_TAI,MISSING
1420,44,2010.06.02_12:24:00_TAI,MISSING
1421,44,2010.06.02_12:36:00_TAI,MISSING
1422,44,2010.06.02_12:48:00_TAI,MISSING
1423,44,2010.06.02_13:00:00_TAI,MISSING
1424,44,2010.06.02_13:12:00_TAI,MISSING
1425,44,2010.06.02_13:24:00_TAI,MISSING
1426,44,2010.06.02_13:36:00_TAI,MISSING
1427,44,2010.06.02_13:48:00_TAI,MISSING
1428,44,2010.06.02_14:00:00_TAI,MISSING
1429,44,2010.06.02_14:12:00_TAI,MISSING
1430,44,2010.06.02_14:24:00_TAI,MISSING
1431,44,2010.06.02_14:36:00_TAI,MISSING
1432,44,2010.06.02_14:48:00_TAI,MISSING
1433,44,2010.06.02_15:00:00_TAI,MISSING
1434,44,2010.06.02_15:12:00_TAI,MISSING
1435,44,2010.06.02_15:24:00_TAI,MISSING
1436,44,2010.06.02_15:36:00_TAI,MISSING
1437,44,2010.06.02_15:48:00_TAI,MISSING
1438,44,2010.06.02_16:00:00_TAI,MISSING
1439,44,2010.06.02_16:12:00_TAI,MISSING
1440,44,2010.06.02_16:24:00_TAI,MISSING
1441,44,2010.06.02_16:36:00_TAI,MISSING
1442,44,2010.06.02_16:48:00_TAI,MISSING
1443,44,2010.06.02_17:00:00_TAI,MISSING
1444,44,2010.06.02_17:12:00_TAI,MISSING
1445,44,2010.06.02_17:24:00_TAI,MISSING
1446,44,2010.06.02_17:36:00_TAI,MISSING
1447,44,2010.06.02_17:48:00_TAI,MISSING
1448,44,2010.06.02_18:00:00_TAI,MISSING
1449,44,2010.06.02_18:12:00_TAI,MISSING
1450,44,2010.06.02_18:24:00_TAI,MISSING
1451,44,2010.06.02_18:36:00_TAI,MISSING
1452,44,2010.06.02_18:48:00_TAI,MISSING
1453,44,2010.06.02_19:00:00_TAI,MISSING
1454,44,2010.06.02_19:12:00_TAI,MISSING
1455,44,2010.06.02_19:24:00_TAI,MISSING
1456,44,2010.06.02_19:36:00_TAI,MISSING
1457,44,2010.06.02_19:48:00_TAI,MISSING
1458,44,2010.06.02_20:00:00_TAI,MISSING
1459,44,2010.06.02_20:12:00_TAI,MISSING
1460,44,2010.06.02_20:24:00_TAI,MISSING
1461,44,2010.06.02_20:36:00_TAI,MISSING
1462,44,2010.06.02_20:48:00_TAI,MISSING
1463,44,2010.06.02_21:00:00_TAI,MISSING
1464,44,2010.06.02_21:12:00_TAI,MISSING
1465,44,2010.06.02_21:24:00_TAI,MISSING
1466,44,2010.06.02_21:36:00_TAI,MISSING
1467,44,2010.06.02_21:48:00_TAI,MISSING
1468,44,2010.06.02_22:00:00_TAI,MISSING
1469,44,2010.06.02_22:12:00_TAI,MISSING
1470,44,2010.06.02_22:24:00_TAI,MISSING
1471,44,2010.06.02_22:36:00_TAI,MISSING
1472,44,2010.06.02_22:48:00_TAI,MISSING
1473,44,2010.06.02_23:00:00_TAI,MISSING
1474,44,2010.06.02_23:12:00_TAI,MISSING
1475,44,2010.06.02_23:24:00_TAI,MISSING
1476,44,2010.06.02_23:36:00_TAI,MISSING
1477,44,2010.06.02_23:48:00_TAI,MISSING
1478,44,2010.06.03_00:00:00_TAI,MISSING
1479,45,2010.06.02_17:36:00_TAI,"11073,11077"
1480,45,2010.06.02_17:48:00_TAI,"11073,11077"
1481,45,2010.06.02_18:00:00_TAI,"11073,11077"
1482,45,2010.06.02_18:12:00_TAI,"11073,11077"
1483,45,2010.06.02_18:24:00_TAI,"11073,11077"
1484,45,2010.06.02_18:36:00_TAI,"11073,11077"
1485,45,2010.06.02_18:48:00_TAI,"11073,11077"
1486,45,2010.06.02_19:00:00_TAI,"11073,11077"
1487,45,2010.06.02_19:12:00_TAI,"11073,11077"
1488,45,2010.06.02_19:24:00_TAI,"11073,11077"
1489,45,2010.06.02_19:36:00_TAI,"11073,11077"
1490,45,2010.06.02_19:48:00_TAI,"11073,11077"
1491,45,2010.06.02_20:00:00_TAI,"11073,11077"
1492,45,2010.06.02_20:12:00_TAI,"11073,11077"
1493,45,2010.06.02_20:24:00_TAI,"11073,11077"
1494,45,2010.06.02_20:36:00_TAI,"11073,11077"
1495,45,2010.06.02_20:48:00_TAI,"11073,11077"
1496,45,2010.06.02_21:00:00_TAI,"11073,11077"
1497,45,2010.06.02_21:12:00_TAI,"11073,11077"
1498,45,2010.06.02_21:24:00_TAI,"11073,11077"
1499,45,2010.06.02_21:36:00_TAI,"11073,11077"
1500,45,2010.06.02_21:48:00_TAI,"11073,11077"
1501,45,2010.06.02_22:00:00_TAI,"11073,11077"
1502,45,2010.06.02_22:12:00_TAI,"11073,11077"
1503,45,2010.06.02_22:24:00_TAI,"11073,11077"
1504,45,2010.06.02_22:36:00_TAI,"11073,11077"
1505,45,2010.06.02_22:48:00_TAI,"11073,11077"
1506,45,2010.06.02_23:00:00_TAI,"11073,11077"
1507,45,2010.06.02_23:12:00_TAI,"11073,11077"
1508,45,2010.06.02_23:24:00_TAI,"11073,11077"
1509,45,2010.06.02_23:36:00_TAI,"11073,11077"
1510,45,2010.06.02_23:48:00_TAI,"11073,11077"
1511,45,2010.06.03_00:00:00_TAI,"11073,11077"
1512,46,2010.06.02_20:00:00_TAI,11078
1513,46,2010.06.02_20:12:00_TAI,11078
1514,46,2010.06.02_20:24:00_TAI,11078
1515,46,2010.06.02_20:36:00_TAI,11078
1516,46,2010.06.02_20:48:00_TAI,11078
1517,46,2010.06.02_21:00:00_TAI,11078
1518,46,2010.06.02_21:12:00_TAI,11078
1519,46,2010.06.02_21:24:00_TAI,11078
1520,46,2010.06.02_21:36:00_TAI,11078
1521,46,2010.06.02_21:48:00_TAI,11078
1522,46,2010.06.02_22:00:00_TAI,11078
1523,46,2010.06.02_22:12:00_TAI,11078
1524,46,2010.06.02_22:24:00_TAI,11078
1525,46,2010.06.02_22:36:00_TAI,11078
1526,46,2010.06.02_22:48:00_TAI,11078
1527,46,2010.06.02_23:00:00_TAI,11078
1528,46,2010.06.02_23:12:00_TAI,11078
1529,46,2010.06.02_23:24:00_TAI,11078
1530,46,2010.06.02_23:36:00_TAI,11078
1531,46,2010.06.02_23:48:00_TAI,11078
1532,46,2010.06.03_00:00:00_TAI,11078
